<?xml version="1.0" encoding="ISO-8859-15"?>
<uc-export clientvers="11.2.0-dev+main.build.2327">
<DOCU name="PCK.AUTOMIC_NEXUS.PUB.DOC">
<HEADER state="1">
<Title>Package documentation</Title>
<ArchiveKey1/>
<ArchiveKey2/>
<OH_SubType/>
</HEADER>
<DOCU_Docu state="1" type="text">
<DOC><![CDATA[About Automic's NEXUS Package
================================

Nexus is a repository manager. It allows to proxy, collect, and manage software dependencies and makes it easy to distribute implemented software. With this package we automate the Sonatype Nexus services for the artifact that achieve the given business goal:
* Upload artifact
* Retrieve artifact

=ARA Compatibility=
This Nexus Package also offers cusotm types for all the Nexus actions which further can be used in ARA.

=Supported Nexus versions=
Following version of Nexus is supported:
* Sonatype Nexus 2.11.4

=Limitations=
(none)

=Setup=
* Oracle JDK 1.7 or higher must be installed on Agent OS and "java" must be set as executable on the same.

* The Agent should be able to access the Nexus URL(s) in order to make HTTP requests.

* Modify the HTTP timeout parameters as per your environment. By default "CONNECTION_TIMEOUT" is defined as 30000 and "READ_TIMEOUT" is defined as 60000. Both are defined in milliseconds. 0 means no timeout.

=Variables=
PCK.AUTOMIC_NEXUS.PRV.VARA.PACKAGE_PARAMETERS
* HTTP timeout parameters can be configured in this variable. Values are defined in milliseconds. 0 means no timeout.

=Actions=
Following actions are supported for Nexus.

* Action Name: PCK.AUTOMIC_NEXUS.PUB.ACTION.UPLOAD_ARTIFACT
This action is used to upload the artifact to Nexus repository using GAV parameters i.e group, artifact, version paramters. A user can upload the artifact using the login credentials (login and password) or can upload anonymously if the user has the rights to upload. As this is an asynchronous operation, user needs to cross check if the artifact has been uploaded. The deployment of an artifact depends on the rights that has been permitted to the user for the Nexus repository. If the access setting for the repository is set to "disable redeploy", then user cannot deploy the same artifact again. If the access setting is set to "read-only", then the user cannot upload any artifact to the repository.

* Action Name: PCK.AUTOMIC_NEXUS.PUB.ACTION.RETRIEVE_ARTIFACT
This action is used to retrieve an artifact from Nexus repository using GAV parameters i.e group, artifact, version parameters.

]]></DOC>
</DOCU_Docu>
</DOCU>
</uc-export>